Province,ProvinceCode,County,CountyCode,Warm0Cold1,Dry0Semi05Wet1,Literatcy1HS2above,LongitudeDegree,LatitudeDegree,source1well2surface,network1traditional2modern,ECwatirrig_dsm,croparea_ha,SoilTexture1Light2Normal3Heavy,SoilSalinitydSm,variety1chaI2chamII3Pish4SirMih5Oth,plant_date,harvest_date,GrowthLength150200_123,Irrig1surf2sprinkl3drip,irrig_depth_avg,number_of_irrig,water_vol_m3ha,effective_rain_fao_currentyear_mm,effective_rain_10year_fao075p_mm,WatNeedNationalBook_mm,WaterNeedBookmm,Et_clim_data_this_year_mm,ET_clim_10year_mm,leeching_need_percent,yield_kgha,water_efficiency_kgm3,efficiency_irrig_effectiveraincurrentyear_kgm3,efficiency_irrig_effectiverain10year_kgm3
Ardebil,1,ParsabadMoqan,1,1,0.5,2,47.88,39.54,1,2,1.1,20.0,3,2.61,5,95/8/25,96/4/6,3,2,22,17,3803,50,117,283,593,567,496,3,4934,1.3,1.1,1.0
Ardebil,1,ParsabadMoqan,1,1,0.5,2,47.88,39.54,1,2,1.1,31.0,3,2.91,5,95/9/22,96/4/9,3,2,25,16,4059,46,102,283,593,564,498,3,4743,1.2,1.0,0.9
Ardebil,1,ParsabadMoqan,1,1,0.5,2,47.7,39.53,1,2,1.1,21.4,3,2.72,5,95/7/6,96/3/29,3,1,127,4,5085,117,162,283,593,570,506,3,5546,1.1,0.9,0.8
Ardebil,1,ParsabadMoqan,1,1,0.5,1,47.78,39.61,1,2,1.2,12.0,3,2.78,1,95/8/17,96/3/31,3,1,158,5,7905,89,156,283,593,551,483,3,6000,0.8,0.7,0.6
Ardebil,1,ParsabadMoqan,1,1,0.5,1,47.97,39.56,1,2,1.1,5.0,3,1.34,1,95/9/10,96/3/29,2,1,148,6,8867,65,112,283,593,535,468,3,6000,0.7,0.6,0.6
Ardebil,1,ParsabadMoqan,1,1,0.5,1,47.96,39.6,1,2,1.0,4.0,3,0.97,5,95/8/29,96/3/28,3,1,173,4,6920,65,117,283,593,538,470,3,7200,1.0,1.0,0.9
Khuzestan,2,Behbahan,2,0,0.5,1,50.31697,30.60144,2,1,3.0,9.0,2,3.61,5,95/9/9 ,96/2/23,2,1,46,11,5066,164,205,514,,,460,9,4778,0.9,0.7,0.7
Khuzestan,2,Behbahan,2,0,0.5,1,50.31664,30.6031,2,1,3.0,4.5,2,3.61,1,95/9/27,96/2/23,1,1,46,9,4145,111,138,514,,,463,9,4444,1.1,0.8,0.8
Khuzestan,2,Behbahan,2,0,0.5,1,50.31735,30.60344,2,1,3.0,7.0,2,3.61,5,95/10/1,96/2/23,1,1,46,8,3684,111,138,514,,,462,9,4143,1.1,0.9,0.8
Khuzestan,2,Behbahan,2,0,0.5,1,50.03709,30.46186,2,1,3.6,1.5,2,4.56,5,95/8/8,96/2/10,2,1,70,7,4889,197,263,514,,,396,11,4690,1.0,0.7,0.6
Khuzestan,2,Behbahan,2,0,0.5,1,49.99407,30.45373,1,1,3.3,1.0,2,7.35,5,95/8/8,96/2/5,2,1,36,5,2846,197,245,514,,,381,10,4000,1.4,0.8,0.8
Khuzestan,2,Behbahan,2,0,0.5,1,50.02659,30.37076,2,1,5.0,9.0,3,4,5,95/8/1,96/2/5,2,1,127,7,8857,197,245,514,,,387,16,3500,0.4,0.3,0.3
Khuzestan,2,Behbahan,2,0,0.5,2,50.17137,30.68455,1,2,1.7,2.4,3,5.02,5,95/9/24,96/2/25,2,1,68,5,4030,119,148,514,,,474,5,2983,0.7,0.6,0.5
Khuzestan,2,Behbahan,2,0,0.5,1,50.1706,30.69194,1,2,1.7,12.8,3,1.85,5,95/9/24,96/2/23,2,1,162,3,4852,119,148,514,,,463,5,5104,1.1,0.8,0.8
Khuzestan,2,Behbahan,2,0,0.5,1,50.2244,30.67476,1,2,1.7,1.8,3,2.02,5,95/9/20,96/2/19,2,1,129,3,3878,119,148,514,,,441,5,3441,0.9,0.7,0.6
Khuzestan,2,Behbahan,2,0,0.5,1,50.19371,30.70477,1,2,1.7,2.0,3,1.47,5,95/9/2,96/2/23,2,1,104,4,4160,190,236,514,,,451,5,2925,0.7,0.5,0.4
Khuzestan,2,Behbahan,2,0,0.5,1,50.25861,30.67464,1,2,1.7,0.9,3,3.87,5,95/9/23,96/2/21,2,1,129,3,3263,119,148,514,,,452,5,3008,0.9,0.7,0.6
Khuzestan,2,Behbahan,2,0,0.5,1,50.24824,30.68242,1,2,1.7,2.7,3,2.21,5,95/9/20,96/2/20,2,1,111,3,3323,119,148,514,,,446,5,3320,1.0,0.7,0.7
Khuzestan,2,Behbahan,2,0,0.5,1,50.23761,30.69467,1,2,1.7,4.5,3,4.67,5,95/9/20,96/2/16,2,1,129,3,3869,119,148,514,,,426,5,4500,1.2,0.9,0.8
Khuzestan,2,Behbahan,2,0,0.5,1,50.2819,30.61919,1,2,1.7,0.7,3,2.41,5,95/9/22,96/2/24,2,1,119,4,4755,119,148,514,,,469,5,3146,0.7,0.5,0.5
Khuzestan,2,Behbahan,2,0,0.5,1,50.11704,30.66609,2,1,2.6,0.6,3,4.21,1,95/10/2,96/2/29,1,1,87,5,4363,110,136,514,,,498,8,2941,0.7,0.5,0.5
Khuzestan,2,Behbahan,2,0,0.5,1,50.39095,30.60057,1,2,3.1,1.4,2,2.91,5,95/9/14,96/2/18,2,3,82,4,3282,119,148,514,,,436,8,4965,1.5,1.1,1.0
Khuzestan,2,Behbahan,2,0,0.5,1,50.29287,30.67722,1,2,1.7,12.5,2,0.85,5,95/9/7,96/2/12,2,3,93,5,4655,165,211,514,,,405,4,5350,1.1,0.8,0.8
Khuzestan,2,Behbahan,2,0,0.5,1,50.30619,30.64363,1,2,1.7,0.9,2,3.89,5,95/10/8,96/2/23,2,3,17,7,3770,110,134,514,,,466,4,5101,1.4,1.0,1.0
Khuzestan,2,Behbahan,2,0,0.5,1,50.34637,30.44819,1,2,1.9,4.6,3,6.01,5,95/10/3,96/2/14,1,3,85,5,4239,110,134,514,,,419,5,4543,1.1,0.9,0.8
Khuzestan,2,Behbahan,2,0,0.5,1,50.35311,30.43421,1,2,1.9,8.3,3,4.3,5,95/10/3,96/2/14,1,3,53,6,3172,110,134,514,,,419,5,4600,1.5,1.1,1.0
Khuzestan,2,Behbahan,2,0,0.5,1,50.13319,30.73035,2,2,2.2,6.7,3,2.32,5,95/9/28,96/2/14,1,3,61,5,3065,111,136,514,,,418,5,4772,1.6,1.1,1.1
Khuzestan,2,Behbahan,2,0,0.5,2,50.30187,30.51098,1,2,1.9,11.0,2,3.61,5,95/11/2,96/3/3,1,2,35,20,4437,106,131,514,,,517,5,3500,0.8,0.6,0.6
Khuzestan,2,Behbahan,2,0,0.5,2,50.31312,30.51342,1,2,1.9,7.0,2,4,5,95/10/25,96/2/29,1,2,27,16,4261,110,136,514,,,493,5,3200,0.8,0.6,0.6
Khuzestan,2,Behbahan,2,0,0.5,1,50.333483,30.4964,1,2,1.9,17.0,2,1.16,2,95/9/25,96/2/14,1,2,31,10,3206,119,146,514,,,418,5,3971,1.2,0.9,0.9
Khuzestan,2,Behbahan,2,0,0.5,1,50.19507,30.62655,2,2,4.4,28.0,2,6.1,5,95/9/28,96/2/20,1,2,54,7,3759,111,138,514,,,448,14,3071,0.8,0.6,0.6
Khuzestan,2,Behbahan,2,0,0.5,1,50.31581,30.51314,1,2,1.9,14.0,2,4,5,95/10/25,96/2/29,1,2,34,12,4056,110,136,514,,,493,5,3500,0.9,0.7,0.6
Khuzestan,2,Behbahan,2,0,0.5,1,50.3141,30.51298,1,2,1.9,4.5,2,4,5,95/10/30,96/2/29,1,2,34,11,3718,110,136,514,,,477,5,3498,0.9,0.7,0.7
Khuzestan,2,Behbahan,2,0,0.5,1,50.33694,30.51293,1,2,1.9,1.4,2,3.92,1,95/10/5,96/2/24,1,2,52,8,4173,110,136,514,,,471,5,3004,0.7,0.6,0.5
Khuzestan,2,Behbahan,2,0,0.5,1,49.98105,30.42347,2,2,3.9,13.0,3,7.11,1,95/10/6,96/2/7,1,2,24,12,2884,110,134,514,,,373,12,2000,0.7,0.5,0.5
Khuzestan,2,Behbahan,2,0,0.5,1,50.09787,30.71256,2,2,0.8,28.0,2,0.65,5,95/9/15,96/2/31,2,2,28,15,4211,119,136,514,,,506,2,5000,1.2,0.9,0.9
Khuzestan,2,Behbahan,2,0,0.5,1,50.09784,30.71253,2,2,0.8,22.0,2,1.65,5,95/10/1,96/2/31,2,2,28,14,3930,111,136,514,,,509,2,5000,1.3,1.0,0.9
Khuzestan,2,Bavi,3,0,0,1,48.892,31.53825,1,1,1.5,150.0,3,2.2,2,95/09/06,96/02/18,2,1,78,5,3880,70,106,412,599,,631,4,4700,1.2,1.0,1.0
Khuzestan,2,Bavi,3,0,0,1,48.89125,31.55177778,1,2,1.8,40.0,3,4.5,2,95/08/20,96/02/09,2,1,86,6,5184,70,118,412,599,,599,5,3200,0.6,0.5,0.5
Khuzestan,2,Ahvaz,4,0,0,1,48.49686111,31.18422222,1,1,2.3,50.0,1,5.9,1,95/08/15,96/02/02,2,1,92,4,3672,75,117,412,599,,564,7,5200,1.4,1.2,1.1
Khuzestan,2,Ahvaz,4,0,0,1,48.507,31.16797222,1,1,2.3,80.0,1,4.8,2,95/08/15,96/02/18,2,1,91,6,5454,75,120,412,599,,687,7,6500,1.2,1.0,1.0
Khuzestan,2,Hamidieh,5,0,0,2,48.42422222,31.43302778,1,2,1.4,80.0,2,2.8,5,95/08/20,96/02/05,2,1,125,5,6240,70,117,412,599,,571,4,5000,0.8,0.7,0.7
Khuzestan,2,Hamidieh,5,0,0,1,48.49458333,31.406,1,2,1.4,187.0,2,2.3,2,95/08/05,96/02/08,2,1,92,5,4590,75,124,412,599,,644,4,4200,0.9,0.8,0.7
Khuzestan,2,DashtAzadegan,6,0,0,1,48.36438889,31.49913889,1,2,1.4,40.0,3,5.5,2,95/08/11,96/02/07,2,1,97,5,4850,75,118,322,593,,651,4,3000,0.6,0.5,0.5
Khuzestan,2,DashtAzadegan,6,0,0,1,48.411,31.4785,1,1,1.6,18.0,2,7.6,2,95/08/18,96/02/09,2,1,112,6,6732,75,117,322,593,,646,4,7000,1.0,0.9,0.9
Khuzestan,2,DashtAzadegan,6,0,0,1,48.31083333,31.54797222,1,2,1.4,43.0,3,6.5,2,95/08/18,96/02/12,2,1,82,5,4120,75,124,322,593,,669,4,4000,1.0,0.8,0.7
Khuzestan,2,DashtAzadegan,6,0,0,1,48.37366667,31.48,1,1,1.4,25.0,2,6.3,1,95/08/17,96/02/07,2,1,125,4,4992,75,117,322,593,,633,4,4200,0.8,0.7,0.7
Khuzestan,2,DashtAzadegan,6,0,0,1,48.37930556,31.48569444,1,1,1.6,25.0,2,2.9,2,95/08/18,96/02/13,2,1,182,4,7272,75,127,322,593,,677,4,4100,0.6,0.5,0.5
Khuzestan,2,DashtAzadegan,6,0,0,1,48.37358333,31.49419444,1,1,1.8,15.0,1,5.1,2,95/08/14,96/02/15,2,1,113,5,5665,75,122,322,593,,707,5,4500,0.8,0.7,0.7
Khuzestan,2,Shush,7,0,0,1,48.29876667,32.2553,1,2,0.5,4.0,3,1.1,2,95/9/11,,1,1,90,4,3598,124,149,322,592,416,408,1,5000,1.4,1.0,1.0
Khuzestan,2,Shush,7,0,0,1,48.2816,32.16823333,1,2,0.5,5.0,3,1.3,5,95/9/2,,1,1,92,4,3695,124,149,322,592,416,408,1,5600,1.5,1.1,1.1
Khuzestan,2,Shush,7,0,0,1,48.2867,32.14308333,1,2,0.5,6.0,3,0.95,2,95/10/23,,1,1,120,4,4807,93,112,322,592,479,446,1,3800,0.8,0.7,0.6
Khuzestan,2,Shush,7,0,0,1,48.21996667,32.33436667,1,2,0.5,2.4,3,0.85,5,95/10/15,,1,1,206,4,8259,74,122,322,592,486,456,1,4200,0.5,0.5,0.4
Khuzestan,2,Shush,7,0,0,1,48.2137,32.3262,1,2,0.5,3.8,2,0.65,5,95/9/28,,1,1,179,5,8948,93,143,322,592,429,416,1,5170,0.6,0.5,0.5
Khuzestan,2,Shush,7,0,0,1,48.13428333,32.36426667,2,1,1.8,21.5,2,3.64,5,95/8/26,,1,1,112,4,4499,124,161,322,592,383,382,5,6365,1.4,1.1,1.0
Khuzestan,2,Shush,7,0,0,1,48.10308333,32.37621667,1,2,1.1,22.5,2,3.2,5,95/10/5,,1,1,103,7,7216,124,149,322,592,416,408,3,6926,1.0,0.8,0.8
Khuzestan,2,Kharkheh,8,0,0,1,48.484092,31.972758,1,2,1.3,15.6,2,2.5,1,95/8/25,,1,1,236,4,9435,123,168,322,592,378,377,4,4516,0.5,0.4,0.4
Khuzestan,2,Shush,7,0,0,1,48.132,32.146,2,1,4.1,35.0,1,5.63,1,95/9/11,,1,1,73,10,7334,93,141,322,592,440,425,12,4100,0.6,0.5,0.5
Khuzestan,2,Shush,7,0,0,1,48.12025,32.2357,2,2,2.7,45.6,2,5.1,5,95/9/25,,1,3,24,21,5041,93,141,322,592,440,425,7,4841,1.0,0.8,0.8
Khuzestan,2,Shush,7,0,0,1,48.19161667,32.08576667,2,2,2.1,6.5,1,2.9,1,95/8/23,,1,2,32,12,3840,123,172,322,592,362,362,6,4000,1.0,0.8,0.7
Khuzestan,2,Kharkheh,8,0,0,1,48.315867,31.923047,2,2,2.4,19.8,2,3.3,2,95/8/20, 96/2/5,1,2,44,12,5221,123,172,322,592,362,362,7,2575,0.5,0.4,0.4
KhorasanRazavi,3,Jovain,9,1,0.5,1,57.300569,36.703864,2,2,0.6,24.0,2,1.65,3,95/9/8,,2,2,66/56,8,5325,113,129,635,618,,775,2,4000,0.8,0.6,0.6
KhorasanRazavi,3,Jovain,9,1,0.5,1,57.218211,36.726511,2,1,0.5,1.0,2,1.43,5,95/8/5,,3,1,89/34,7,6254,113,129,635,618,,775,1,3500,0.6,0.5,0.5
KhorasanRazavi,3,Jovain,9,1,0.5,2,57.34755,36.6896,2,2,0.5,25.0,2,1.62,3,95/8/2,,3,2,59/13,9,5322,113,129,635,618,,775,1,4200,0.8,0.7,0.6
KhorasanRazavi,3,Jovain,9,1,0.5,2,57.405664,36.646814,2,2,0.7,20.0,2,1.8,3,95/8/1,,3,2,61/37,9,5523,113,129,635,618,,775,2,3800,0.7,0.6,0.6
KhorasanRazavi,3,Jovain,9,1,0.5,1,57.502817,36.622264,2,1,1.0,2.6,3,1.8,3,95/8/15,,3,1,77/58,6,4655,113,129,635,618,,775,3,6000,1.3,1.0,1.0
KhorasanRazavi,3,Jovain,9,1,0.5,2,57.352575,36.679164,2,2,0.5,15.0,2,1.45,4,95/7/23,,3,2,62/88,8,5030,113,129,635,618,,775,1,4300,0.9,0.7,0.7
KhorasanRazavi,3,Neishabur,10,1,0,1,58.674,35.992,2,1,3.6,0.3,3,4.58,3,1395-8-10,1396-4-1,3,1,72,5,4320,207,169,569,612,702,623,11,5550,1.3,0.9,0.9
KhorasanRazavi,3,Neishabur,10,1,0,1,58.791,36.023,2,1,5.4,20.0,2,8.48,5,1395-8-01,1396-4-20,3,1,76,3,2600,207,169,569,612,728,644,17,3725,1.4,0.8,0.9
KhorasanRazavi,3,Neishabur,10,1,0,1,58.752,36.045,2,1,8.5,21.0,2,3.62,5,1395-8-20,1396-4-15,3,1,147,3,4450,207,169,569,612,704,628,30,2750,0.6,0.4,0.4
KhorasanRazavi,3,Neishabur,10,1,0,2,58.872,36.11,2,1,0.6,10.0,1,0.84,3,1395-8-8,1396-3-26,3,1,116,6,8050,207,169,569,612,675,600,2,5300,0.7,0.5,0.5
KhorasanRazavi,3,Neishabur,10,1,0,1,58.731,36.157,2,2,1.2,100.0,2,1.13,3,1395-7-15,1396-4-5,3,2,16,12,2130,207,169,569,612,716,635,3,4000,1.9,1.0,1.0
KhorasanRazavi,3,Neishabur,10,1,0,1,58.729,36.173,2,2,1.8,8.0,3,1.48,3,1395-8-15,1396-4-5,3,3,39,11,4450,207,169,569,612,674,603,4,7360,1.7,1.1,1.2
KhorasanRazavi,3,Neishabur,10,1,0,1,58.667,36.191,2,1,0.6,30.0,2,0.88,3,1395-8-15,1396-3-23,3,1,130,5,6820,207,169,569,612,643,576,2,5000,0.7,0.6,0.6
KhorasanRazavi,3,Neishabur,10,1,0,1,58.666,36.19,2,2,2.4,34.0,2,3.46,3,1395-7-20,1396-3-26,3,2,79,8,6320,207,169,569,612,701,622,6,6250,1.0,0.7,0.8
KhorasanRazavi,3,Zabarkhan,11,1,0,1,59.106,35.969,2,1,2.0,25.0,2,1.75,3,1395-8-07,1396-3-26,3,1,80,8,7200,207,169,569,612,677,601,6,7500,1.0,0.8,0.8
KhorasanRazavi,3,Zabarkhan,11,1,0,1,59.049,36.088,2,2,0.6,10.0,2,0.7,3,1395-7-20,1396-3-31,3,2,28,7,2240,207,169,569,612,716,643,2,3750,1.7,0.9,1.0
KhorasanRazavi,3,Zabarkhan,11,1,0,1,58.973,36.14,2,1,0.4,14.0,2,2.36,4,1395-7-25,1396-4-9,3,1,72,8,6480,207,169,569,612,736,650,1,6000,0.9,0.7,0.7
KhorasanRazavi,3,Neishabur,10,1,0,1,58.464,36.743,2,2,1.4,34.2,3,0.81,3,1395-7-27,1396-4-25,3,2,18,13,2520,207,169,569,612,732,648,4,3000,1.2,0.7,0.7
KhorasanRazavi,3,Neishabur,10,1,0,1,58.473,36.744,2,1,0.4,15.0,3,2.7,3,1395-7-30,1396-4-10,3,1,55,7,4400,207,169,569,612,728,644,1,3670,0.8,0.6,0.6
KhorasanRazavi,3,Neishabur,10,1,0,2,58.474,36.743,2,1,2.1,65.0,3,1.49,3,1395-7-23,1396-4-24,3,1,44,8,4180,207,169,569,612,753,664,6,4500,1.1,0.7,0.8
KhorasanRazavi,3,Neishabur,10,1,0,2,58.452,36.749,2,1,1.0,25.0,3,1.3,3,1395-7-20,1396-4-15,3,1,102,6,6120,207,169,569,612,744,657,3,5000,0.8,0.6,0.6
KhorasanRazavi,3,TorbatJam,12,1,0,1,60.580594,35.336502,2,2,1.9,70.0,2,2.835,3,"""95/08/15",96-03-29,3,3,56,10,5600,131,60,476,559,,583,5,5900,1.1,0.9,1.0
KhorasanRazavi,3,TorbatJam,12,1,0,1,60.85116216,35.27712467,2,2,3.0,40.0,1,4.455,3,"""95/08/10",96-03-29,3,3,70,10,7000,131,60,476,559,,583,9,5600,0.8,0.7,0.7
KhorasanRazavi,3,TorbatJam,12,1,0,2,60.70974125,35.18666286,2,2,1.9,4.0,2,2.895,4,"""95/08/20",96-03-19,3,3,58,10,5760,131,60,476,559,,583,6,5800,1.0,0.8,0.9
KhorasanRazavi,3,TorbatJam,12,1,0,1,60.79190562,35.1787419,2,2,2.1,10.0,2,3.21,3,"""95/08/01",96-03-23,3,3,88,10,8840,131,60,476,559,,583,6,7300,0.8,0.7,0.8
KhorasanRazavi,3,Fariman,13,1,0,1,59.807619,35.730775,2,2,0.7,11.0,2,0.99,4,"""95/08/15",96-04-16,3,3,99,7,6920,131,60,476,559,,583,2,5850,0.8,0.7,0.8
KhorasanRazavi,3,Fariman,13,1,0,1,59.804317,35.739331,2,2,0.8,15.0,2,1.2,4,"""95/08/15",96-04-13,3,3,73,9,6613,131,60,476,559,,583,2,6300,1.0,0.8,0.9
KhorasanRazavi,3,Fariman,13,1,0,2,59.776031,35.75375,2,2,0.8,10.0,2,1.185,4,"""95/08/18",96-04-15,3,3,93,10,9280,131,60,476,559,,583,2,7500,0.8,0.7,0.8
KhorasanRazavi,3,Fariman,13,1,0,1,59.751025,35.758417,2,2,0.7,20.0,2,1.005,3,"""95/08/15",96-04-17,3,3,82,7,5760,131,60,476,559,,583,2,6500,1.1,0.9,1.0
KhorasanRazavi,3,Mashhad,14,1,0,2,59.730742,36.189628,2,2,0.8,9.0,2,1.215,3,"""95/08/20",96-04-10,3,3,76,7,5333,185,88,420,671,,403,2,4200,0.8,0.6,0.7
KhorasanRazavi,3,Golbahar,15,1,0,2,59.233281,36.630278,2,2,1.2,8.0,3,1.815,4,"""95/08/24",96-04-14,3,3,50,9,4471,185,88,420,671,,403,3,6500,1.5,1.0,1.2
KhorasanRazavi,3,Golbahar,15,1,0,2,59.157903,36.635333,2,2,1.0,10.0,3,1.47,3,"""95/08/15",96-04-11,3,3,52,11,5720,185,88,420,671,,403,3,7800,1.4,1.0,1.2
KhorasanRazavi,3,Golbahar,15,1,0,1,59.244472,36.620261,2,2,0.9,6.0,3,1.32,3,"""95/08/25",96-04-15,3,3,114,7,8000,185,88,420,671,,403,2,8400,1.1,0.9,0.9
KhorasanRazavi,3,TorbatJam,12,1,0,1,60.85116216,35.27712467,2,2,1.9,70.0,2,2.835,3,"""95/08/15",96-03-29,3,1,96,9,8640,131,60,476,559,,583,5,6150,0.7,0.6,0.7
KhorasanRazavi,3,TorbatJam,12,1,0,1,60.85116216,35.27712467,2,2,3.0,40.0,1,4.455,3,"""95/08/10",96-03-29,3,1,79,9,7104,131,60,476,559,,583,7,5700,0.8,0.7,0.7
KhorasanRazavi,3,TorbatJam,12,1,0,2,60.70974125,35.18666286,2,2,1.9,4.0,2,2.895,4,"""95/08/20",96-03-19,3,1,53,11,5859,131,60,476,559,,583,5,5350,0.9,0.7,0.8
KhorasanRazavi,3,TorbatJam,12,1,0,1,60.79190562,35.1787419,2,2,2.1,10.0,2,3.21,3,"""95/08/01",96-03-23,3,1,72,10,7221,131,60,476,559,,583,5,8200,1.1,1.0,1.0
KhorasanRazavi,3,Fariman,13,1,0,1,59.80762,35.730774,2,2,0.7,11.0,2,0.99,4,"""95/08/15",96-04-16,3,1,102,7,7128,131,60,476,559,,583,2,6200,0.9,0.7,0.8
KhorasanRazavi,3,Fariman,13,1,0,1,59.804317,35.739332,2,2,0.8,15.0,2,1.2,4,"""95/08/15",96-04-13,3,1,81,8,6480,131,60,476,559,,583,2,6800,1.0,0.9,1.0
KhorasanRazavi,3,Fariman,13,1,0,1,59.751026,35.758418,2,2,0.7,20.0,2,1.005,3,"""95/08/15",96-04-17,3,1,122,8,9720,131,60,476,559,,583,2,8000,0.8,0.7,0.8
KhorasanRazavi,3,Mashhad,14,1,0,2,59.730739,36.189628,2,2,0.8,9.0,2,1.215,3,"""95/08/20",96-04-10,3,1,69,9,6178,185,88,420,671,,403,2,4500,0.7,0.6,0.6
KhorasanRazavi,3,Golbahar,15,1,0,2,59.233281,36.630361,2,2,1.2,8.0,3,1.815,4,"""95/08/24",96-04-14,3,1,93,7,6480,185,88,420,671,,403,3,8500,1.3,1.0,1.2
KhorasanRazavi,3,Golbahar,15,1,0,1,59.244473,36.620273,2,2,0.9,6.0,3,1.32,3,"""95/08/25",96-04-15,3,1,105,8,8424,185,88,420,671,,403,2,9200,1.1,0.9,1.0
Fars,4,Marvdasht,16,1,0,1,52.85873277,29.93394143,2,2,0.9,2.7,3,1.3,1,95/08/23,96/03/20,3,1,115,7,8064,270,247,498,544,754,758,2,4815,0.6,0.4,0.5
Fars,4,Marvdasht,16,1,0,1,52.80047318,29.93269316,2,2,0.6,3.1,3,0.89,2,95/09/05,96/03/26,3,1,47,6,2801,270,247,498,544,795,801,2,5226,1.9,1.0,1.0
Fars,4,Marvdasht,16,1,0,2,52.87033282,29.98840026,2,2,0.1,5.2,2,1.9,2,95/08/23,96/03/29,3,2,115,4,4590,270,247,498,544,825,828,0,8513,1.9,1.2,1.2
Fars,4,Marvdasht,16,1,0,2,52.99328227,29.9928122,2,2,0.9,2.5,3,1.4,4,95/09/03,96/03/28,3,2,40,11,4355,273,247,498,544,796,790,3,7428,1.7,1.0,1.1
Fars,4,Marvdasht,16,1,0,1,53.12189033,29.85367824,2,2,1.0,9.2,3,1.7,5,95/09/25,96/04/01,2,3,76,9,6851,273,247,498,544,799,792,3,4918,0.7,0.5,0.5
Fars,4,Eghlid,17,1,0,1,52.32806027,30.48768162,2,1,0.4,8.5,3,0.47,3,95/08/04,96/05/05,3,1,80,7,5617,235,210,636,469,885,914,1,8588,1.5,1.1,1.1
Fars,4,Eghlid,17,1,0,1,52.31480749,30.56734224,2,2,0.4,28.0,3,0.65,3,95/08/10,96/04/27,3,2,53,11,5873,235,210,636,469,872,900,1,9000,1.5,1.1,1.1
Fars,4,Eghlid,17,1,0,1,52.64275945,30.65868114,2,2,0.3,15.0,3,0.739,3,95/08/01,96/05/10,3,2,49,10,4881,215,210,690,469,891,921,1,7533,1.5,1.1,1.1
Fars,4,Eghlid,17,1,0,1,52.65741127,30.65011375,2,1,0.4,7.0,3,0.585,3,95/09/01,96/05/07,3,1,62,12,7435,215,210,690,469,832,848,1,7000,0.9,0.7,0.7
Fars,4,Eghlid,17,1,0,1,52.40422378,30.52439043,2,2,0.4,4.5,3,0.615,4,95/08/25,96/04/28,3,2,61,11,6742,235,210,636,469,843,863,1,5267,0.8,0.6,0.6
Fars,4,Eghlid,17,1,0,1,52.44180018,30.50708986,2,1,0.4,4.0,3,1.15,3,95/08/15,96/04/30,3,1,80,4,3182,235,210,636,469,860,885,1,4000,1.3,0.7,0.8
Fars,4,Eghlid,17,1,0,2,52.46543174,30.86636244,2,1,0.4,5.6,2,0.74,5,95/08/15,96/05/13,3,1,48,10,4826,215,210,690,469,861,886,1,6200,1.3,0.9,0.9
Fars,4,Eghlid,17,1,0,2,52.48091056,30.82483844,2,2,0.4,15.0,3,0.67,3,95/08/06,96/05/12,3,2,86,9,7725,215,210,690,469,881,910,1,7800,1.0,0.8,0.8
Fars,4,Lamerd,18,0,0.5,1,53.373604,27.252644,2,2,10.5,5.0,2,2.76,1,95/9/5,96/1/28,1,3,664,5,3320,255,166,,,,694,26,3400,1.0,0.6,0.7
Fars,4,Khonj,19,0,0.5,1,53.151013,28.17203566,2,2,5.8,4.0,2,3.51,1,95/9/5,96/1/28,1,3,1120,5,5600,264,168,467,525,,652,14,7117,1.3,0.9,1.0
Fars,4,Khonj,19,0,0.5,1,53.14835808,28.16050124,2,2,4.2,4.0,2,2.06,1,95/8/20,96/2/15,2,3,840,5,4200,264,168,467,525,,652,11,7337,1.7,1.1,1.2
Fars,4,Lamerd,18,0,0.5,1,52.9289449,27.66804954,2,2,7.8,5.0,1,3.38,4,95/9/4,96/2/7,2,3,542,8,4333,255,166,,,,694,19,3581,0.8,0.5,0.6
Fars,4,Lamerd,18,0,0.5,2,53.09941069,27.37597625,2,2,6.6,15.0,3,4.69,1,95/8/10,96/1/28,2,3,667,5,3337,255,166,,,,694,16,3500,1.0,0.6,0.7
Fars,4,Khonj,19,0,0.5,1,53.28379266,28.04788594,2,2,4.0,2.7,1,0.86,1,95/8/25,96/2/13,2,3,953,5,4767,264,168,467,525,,652,10,4973,1.0,0.7,0.8
Fars,4,Khonj,19,0,0.5,1,53.14324161,28.18605372,2,2,4.4,7.9,1,3.148,1,95/8/20,96/2/15,2,3,675,6,4050,264,168,467,525,,652,11,5210,1.3,0.8,0.9
Fars,4,Khonj,19,0,0.5,1,53.151013,28.17203566,2,2,5.8,2.0,2,1.87,1,95/8/25,96/1/28,2,1,126,5,8092,264,168,467,525,,652,18,5990,0.7,0.6,0.6
Fars,4,Khonj,19,0,0.5,1,53.14835808,28.16050124,2,2,4.2,3.5,2,1.87,1,95/8/24,96/2/15,2,1,114,5,7331,264,168,467,525,,652,13,6580,0.9,0.7,0.7
Fars,4,Lamerd,18,0,0.5,1,52.9289449,27.66804954,2,2,7.8,2.0,1,2.15,4,95/8/28,96/2/7,2,1,114,4,6188,255,166,,,,694,27,3800,0.6,0.4,0.5
Fars,4,Lamerd,18,0,0.5,2,53.09941069,27.37597625,2,2,6.5,10.0,3,4.4,4,95/8/20,96/1/28,2,1,136,5,6818,255,166,,,,694,21,3015,0.4,0.3,0.4
Fars,4,Khonj,19,0,0.5,1,53.28856955,28.04948849,2,2,4.0,3.0,3,1.74,4,95/8/18,96/2/13,2,1,140,5,6982,264,168,467,525,,652,12,5230,0.7,0.5,0.6
Fars,4,Fasa,20,0.5,0.5,2,53.76805556,28.76546838,2,2,7.2,32.0,3,4.39,1,1395/8/27,1396/3/12,2,3,744,8,5950,324,228,457,707,,786,18,6715,1.1,0.7,0.8
Fars,4,FirouzAbad,21,0.5,0.5,2,52.53581009,28.85988872,2,2,0.8,4.5,2,0.89,4,1395/8/20,1396/3/25,3,3,1296,5,6480,343,311,445,718,,755,2,7570,1.2,0.8,0.8
Fars,4,FirouzAbad,21,0.5,0.5,1,52.53581009,28.85988872,2,2,0.9,1.4,2,0.89,4,1395/8/20,1396/3/25,3,3,581,7,4067,343,311,445,718,,755,2,6520,1.6,0.9,0.9
Fars,4,FirouzAbad,21,0.5,0.5,1,52.52815161,28.86213683,2,2,0.8,0.4,3,0.89,4,1395/8/20,1396/3/25,3,3,585,7,4098,343,311,445,718,,755,2,7050,1.7,0.9,1.0
Fars,4,Lamerd,18,0.5,0.5,1,53.373604,27.252644,2,2,10.5,3.0,2,2.61,1,95/8/25,96/1/28,2,1,126,4,6832,255,166,,,,694,39,3200,0.5,0.3,0.4
Fars,4,Fasa,20,0.5,0.5,2,53.76805556,28.76546838,2,2,6.5,50.0,3,3.98,4,95/8/25,1396/3/12,2,1,160,5,7992,324,228,457,707,,786,21,5150,0.6,0.5,0.5
Fars,4,FirouzAbad,21,0.5,0.5,1,52.53360123,28.86086423,2,2,0.8,3.2,2,0.77,4,95/8/20,1396/3/25,3,1,114,6,6818,343,311,445,718,,755,2,6200,0.9,0.6,0.6
Fars,4,FirouzAbad,21,0.5,0.5,1,52.52815161,28.86213683,2,2,0.8,5.0,3,0.79,4,95/8/20,1396/3/25,3,1,132,6,7918,343,311,445,718,,755,2,6700,0.8,0.6,0.6
Fars,4,Darab,22,0.5,0,1,54.52,28.75,2,1,0.4,3.0,2,2.9,4,95/9/28,96/2/30,2,1,140,4,5580,332,235,555,621,,659,1,4000,0.7,0.4,0.5
Fars,4,Darab,22,0.5,0,1,54.29,28.77,2,2,0.7,2.0,2,0.8,4,95/10/1,96/2/30,2,3,120,4,4806,332,235,555,621,,659,2,5000,1.0,0.6,0.7
Fars,4,Darab,22,0.5,0,1,54.5,28.76,2,1,0.5,7.0,3,2.9,4,95/9/10,96/2/28,2,1,87,6,5243,332,235,555,621,,659,1,4500,0.9,0.5,0.6
Fars,4,Darab,22,0.5,0,1,54.46,28.73,2,1,1.0,7.0,2,2.42,5,95/8/18,96/2/28,2,1,116,5,5777,332,235,555,621,,659,3,5500,1.0,0.6,0.7
Fars,4,Darab,22,0.5,0,1,54.46,28.73,2,1,0.7,2.0,2,2.42,5,95/8/18,96/2/30,2,1,87,8,6939,332,235,555,621,,659,2,7000,1.0,0.7,0.8
Fars,4,Darab,22,0.5,0,1,54.47,28.73,2,1,0.7,4.2,2,1.81,4,95/10/8,96/3/1,1,1,76,8,6110,332,235,555,621,,659,2,4000,0.7,0.4,0.5
Fars,4,Darab,22,0.5,0,1,54.46,28.73,2,1,0.8,2.0,1,5.83,5,95/8/15,96/2/29,2,1,86,8,6896,332,235,555,621,,659,2,4300,0.6,0.4,0.5
Fars,4,Darab,22,0.5,0,2,54.46,28.73,2,1,0.8,3.5,2,3.13,5,95/8/15,96/3/1,2,1,53,8,4258,332,235,555,621,,659,2,5000,1.2,0.7,0.8
Fars,4,Darab,22,0.5,0,2,54.25,28.75,2,2,1.3,13.0,2,7.96,5,95/8/19,96/2/25,2,2,60,7,4187,332,235,555,621,,659,4,4800,1.1,0.6,0.7
Fars,4,Darab,22,0.5,0,1,54.27,28.78,2,1,0.9,15.0,2,7.96,5,95/8/11,96/2/26,2,1,93,5,4673,332,235,555,621,,659,3,5500,1.2,0.7,0.8
Fars,4,Darab,22,0.5,0,1,54.27,28.78,2,1,0.7,14.0,3,1.9,5,95/8/20,96/2/18,2,1,68,6,4068,332,235,555,621,,659,2,4700,1.2,0.6,0.7
Fars,4,Darab,22,0.5,0,2,54.26,28.79,2,2,0.7,2.0,2,0.7,5,95/9/10,96/2/31,2,3,103,6,6207,332,235,555,621,,659,2,7300,1.2,0.8,0.9
Fars,4,Darab,22,0.5,0,1,54.26,28.79,2,2,0.7,3.7,2,4.44,5,95/9/15,96/2/31,2,3,85,6,5091,332,235,555,621,,659,2,6500,1.3,0.8,0.9
Fars,4,Darab,22,0.5,0,1,54.31,28.69,2,2,3.2,6.5,2,12.74,4,95/8/10,96/2/15,2,3,66,7,4608,332,235,555,621,,659,8,5000,1.1,0.6,0.7
Fars,4,Darab,22,0.5,0,1,54.26,28.7,2,1,0.9,5.0,3,1.2,5,95/8/15,96/2/17,2,1,72,7,5061,332,235,555,621,,659,2,5500,1.1,0.7,0.7
Kerman,5,RudbarJonub,23,0,0,2,57.98999757,28.04423705,2,1,5.0,8.0,1,2,5,95/8/25,95/2/12,2,1,87,13,11340,111,111,320,716,,,13,3790,0.3,0.3,0.3
Kerman,5,RudbarJonub,23,0,0,1,57.98999757,28.04423705,2,2,1.0,15.0,1,2.1,2,95/9/12,96/2/8,1,3,72,10,7200,111,111,320,716,,,3,4400,0.6,0.5,0.5
Kerman,5,Anbarabad,24,0,0,2,57.86094388,28.3295582,2,2,1.1,20.0,3,1.2,2,95/9/24,96/3/16,2,3,54,10,5421,186,186,320,716,,,3,4960,0.9,0.7,0.7
Kerman,5,Anbarabad,24,0,0,2,57.86070903,28.32573253,2,1,1.1,36.0,3,0.5,2,95/9/20,96/3/12,2,1,65,10,6480,186,186,320,716,,,3,4750,0.7,0.6,0.6
Kerman,5,Anbarabad,24,0,0,1,57.758,28.295,2,2,1.0,10.0,3,1.4,4,95/9/2,96/2/9,2,3,64,6,3857,186,186,320,716,,,3,4000,1.0,0.7,0.7
Kerman,5,Anbarabad,24,0,0,1,57.8049876,28.33192171,2,1,1.0,20.0,3,0.6,4,95/8/10,96/1/31,2,1,73,10,7257,186,186,320,716,,,2,4930,0.7,0.5,0.5
Kerman,5,Anbarabad,24,0,0,2,57.93853636,28.40640961,2,2,0.8,30.0,3,0.8,5,95/9/11,96/2/10,1,3,213,5,10666,186,186,320,716,,,2,4300,0.4,0.3,0.3
Kerman,5,Faryab,25,0,0,1,57.25044265,28.12817097,2,2,0.6,57.0,1,1.8,2,95/8/15,96/2/2,2,3,128,4,5120,256,256,320,716,,,2,3140,0.6,0.4,0.4
Kerman,5,Faryab,25,0,0,1,57.25603965,28.13100416,2,1,0.6,0.1,1,0.6,1,95/10/1,96/2/3,1,1,143,2,2856,251,251,320,716,,,1,5420,1.9,1.0,1.0
Kerman,5,Faryab,25,0,0,2,57.32420456,28.17520059,2,2,0.9,25.0,1,3.9,2,95/8/20,96/2/3,1,3,88,3,2650,256,256,320,716,,,2,3940,1.5,0.8,0.8
Kerman,5,Faryab,25,0,0,2,57.32456674,28.16694004,2,1,0.9,16.0,1,1.6,2,95/9/1,96/2/4,1,1,104,4,4147,256,256,320,716,,,2,4100,1.0,0.6,0.6
Kermanshah,6,Kermanshah,26,1,0.5,2,47.24547997,34.33664179,2,2,0.5,73.0,2,1.64,3,95-7-16,96-4-12,3,2,50,6,3882,215,221,307,558,353,348,1,7600,2.0,1.3,1.2
Kermanshah,6,Kermanshah,26,1,0.5,1,46.96623082,34.46296941,2,2,0.3,12.0,3,2,4,95-7-28,96-4-11,3,2,74,6,4462,239,245,307,558,329,323,1,7500,1.7,1.1,1.1
Kermanshah,6,Kermanshah,26,1,0.5,1,47.02761049,34.46548266,2,1,0.3,7.0,3,1.18,4,95-8-1,96-4-15,3,1,76,5,5184,239,245,307,558,329,323,1,8000,1.5,1.1,1.0
Kermanshah,6,Kermanshah,26,1,0.5,2,46.99002776,34.51203823,2,2,0.3,3.0,2,2.19,4,95-8-7,96-4-11,3,2,47,6,4030,215,221,307,558,353,348,1,7200,1.8,1.2,1.2
Kermanshah,6,Kermanshah,26,1,0.5,2,46.89262839,34.40153003,2,1,0.4,4.0,3,1.54,3,95-8-12,96-4-16,3,1,100,4,4300,239,245,307,558,329,323,1,5500,1.3,0.8,0.8
Kermanshah,6,Kermanshah,26,1,0.5,2,46.89460619,34.3951698,2,2,0.5,8.0,3,1.14,3,95-8-13,96-4-16,3,2,65,7,5184,239,245,307,558,329,323,1,6000,1.2,0.8,0.8
Kermanshah,6,Kermanshah,26,1,0.5,1,46.96795344,34.43246648,2,2,1.1,6.0,2,5.36,3,95-8-1,96-4-15,3,2,50,7,3450,215,221,307,558,353,348,3,6000,1.7,1.1,1.1
Kermanshah,6,Kermanshah,26,1,0.5,1,46.96795344,34.43246648,2,2,1.1,2.0,2,5.36,3,95-8-2,96-4-15,3,2,89,7,3550,239,245,307,558,329,323,3,5500,1.5,0.9,0.9
Hamedan,7,Razan,27,1,0.5,1,48.901056,35.470375,2,2,0.3,20.0,3,1.44,4,95-8-10,96-5-3,3,2,894,7,5985,215,217,402,664,705,584,1,6000,1.0,0.7,0.7
Hamedan,7,Razan,27,1,0.5,1,48.920639,35.488635,2,2,0.3,20.0,2,1.01,4,95-8-1,96-5-5,3,2,552,9,4968,218,244,402,664,719,591,1,4000,0.8,0.6,0.5
Hamedan,7,Dargazin,28,1,0.5,2,49.149217,35.390669,2,2,0.5,13.0,3,1.34,3,95-7-9,96-4-26,3,2,647,9,5825,218,247,402,664,723,593,1,5600,1.0,0.7,0.7
Hamedan,7,Dargazin,28,1,0.5,1,49.141083,35.394361,2,2,0.4,20.0,3,1.75,3,95-7-25,96-4-28,3,2,508,8,4060,218,246,402,664,700,572,1,6300,1.6,1.0,1.0
Hamedan,7,Dargazin,28,1,0.5,1,49.126657,35.409417,2,2,0.4,20.0,3,1.73,3,95-7-28,96-4-25,3,2,556,8,4450,218,246,402,664,699,571,1,5500,1.2,0.8,0.8
Hamedan,7,Razan,27,1,0.5,1,48.963444,35.451306,2,2,0.2,15.0,3,1.51,3,95-8-7,96-5-5,3,2,717,9,6150,215,229,402,664,723,593,1,6500,1.1,0.8,0.8
Hamedan,7,Razan,27,1,0.5,1,48.968031,35.441039,2,2,0.3,8.0,3,1.21,3,95-7-28,96-5-1,3,2,585,8,4680,218,246,402,664,726,596,1,5000,1.1,0.7,0.7
Hamedan,7,Razan,27,1,0.5,1,48.970994,35.428183,2,2,0.2,4.0,3,2.23,3,95-8-1,96-5-6,3,2,573,9,5211,218,245,402,664,733,603,1,7000,1.3,0.9,0.9
Hamedan,7,Razan,27,1,0.5,2,49.037,35.433586,2,2,0.4,50.0,3,1.42,3,95-7-18,96-5-3,3,2,646,10,6103,218,247,402,664,736,602,1,4500,0.7,0.5,0.5
Hamedan,7,Razan,27,1,0.5,1,49.00433,35.415639,2,2,0.3,15.0,2,1.7,5,95-8-10,96-5-7,3,2,557,9,4915,215,218,402,664,717,594,1,4500,0.9,0.6,0.6
EastAzarbayjan,9,Bonab,29,1,0.5,1,46.0125409,37.29408955,2,1,3.1,0.5,1,2.54,3,1395/7/25,اواخر تیر ماه,3,1,120,5,6000,110,124,328,574,,402,9,4815,0.8,0.7,0.7
EastAzarbayjan,9,Bonab,29,1,0.5,1,46.07719198,37.30629095,2,1,1.7,0.5,3,1.19,3,1395/7/18,اواخر تیر ماه,3,1,78,4,3110,110,124,328,574,,402,5,2300,0.7,0.5,0.5
EastAzarbayjan,9,Bonab,29,1,0.5,1,46.09138613,37.29217189,2,1,1.5,0.4,1,1.34,3,1395/9/5,اواخر تیر ماه,3,1,97,4,3890,110,124,328,574,,402,4,3500,0.9,0.7,0.7
EastAzarbayjan,9,Bonab,29,1,0.5,1,46.04218013,37.29989839,2,1,2.6,0.9,1,1.6,3,1395/8/12,اواخر تیر ماه,3,1,86,4,3456,110,124,328,574,,402,7,4550,1.3,1.0,1.0
EastAzarbayjan,9,Bonab,29,1,0.5,1,46.02518934,37.35482212,2,1,4.8,0.3,1,3,3,1395/8/18,اواخر تیر ماه,3,1,108,4,4320,110,124,328,574,,402,15,3700,0.9,0.7,0.7
EastAzarbayjan,9,Bonab,29,1,0.5,1,45.99038034,37.31454867,2,1,2.0,1.0,1,1.2,3,1395/8/14,اواخر تیر ماه,3,1,93,5,4650,110,124,328,574,,402,6,4000,0.9,0.7,0.7
EastAzarbayjan,9,Bonab,29,1,0.5,1,46.0580855,37.3841236,1,1,0.3,1.0,2,1.41,3,1395/7/15,اواخر تیر ماه,3,1,106,4,4240,110,124,328,574,,402,1,4182,1.0,0.8,0.8
EastAzarbayjan,9,Bonab,29,1,0.5,1,46.14271243,37.28061884,2,1,3.1,1.0,3,2.6,3,1395/7/25,اواخر تیر ماه,3,1,85,5,4250,110,124,328,574,,402,9,3750,0.9,0.7,0.7
EastAzarbayjan,9,Bonab,29,1,0.5,1,46.04322663,37.27763462,2,1,1.2,2.2,3,1.03,3,1395/8/1,اواخر تیر ماه,3,1,92,5,4600,110,124,328,574,,402,3,4817,1.0,0.8,0.8
EastAzarbayjan,9,Bonab,29,1,0.5,1,46.06754505,37.29277692,2,1,0.9,0.6,3,0.87,5,1395/8/5,اواخر تیر ماه,3,1,101,4,4032,110,124,328,574,,402,2,4160,1.0,0.8,0.8
EastAzarbayjan,9,Bonab,29,1,0.5,1,46.0502698,37.2414277,1,1,0.5,1.0,3,4.1,3,1395/7/15,اواسط تیر ماه,3,1,117,4,4680,110,124,328,574,,402,1,2009,0.4,0.3,0.3
EastAzarbayjan,9,Bonab,29,1,0.5,1,46.07148943,37.39654957,1,1,0.3,1.0,3,0.35,3,1395/7/20,تیر ماه,3,1,100,4,4001,110,124,328,574,,402,1,4950,1.2,1.0,0.9
EastAzarbayjan,9,Bonab,29,1,0.5,1,46.16251634,37.32508774,1,1,0.3,1.5,2,0.81,4,1395/8/5,تیر ماه,3,1,100,4,4000,110,124,328,574,,402,1,4840,1.2,0.9,0.9
EastAzarbayjan,9,Bonab,29,1,0.5,1,46.11148469,37.3224595,1,1,0.3,1.0,2,1.02,4,1395/8/3,تیر ماه,3,1,115,4,4600,110,124,328,574,,402,1,4560,1.0,0.8,0.8
WestAzarbayjan,10,Urmiah,30,1,0.5,1,45.0308,38.1222,2,1,0.9,0.8,2,1.35,3,"""95/08/12",96_4_11,3,3,59,5,2940,210,271,376,532,451,463,2,4940,1.7,1.0,0.9
WestAzarbayjan,10,Urmiah,30,1,0.5,1,45.0485,38.1113,2,1,0.7,2.0,2,1.11,5,"""95/12/26",96_4_12,1,3,58,5,2910,210,271,376,532,451,463,2,4060,1.4,0.8,0.7
WestAzarbayjan,10,Bukan,31,1,0.5,2,45.9734,36.5273,2,1,0.7,0.6,2,1.05,3,"""95/08/14",96_4_18,3,3,52,5,2587,224,350,375,540,443,447,2,3800,1.5,0.8,0.6
WestAzarbayjan,10,Urmiah,30,1,0.5,1,45.178,37.7644,2,1,1.2,1.9,2,1.8,3,"""95/07/30",96_4_23,3,1,86,4,3420,210,271,376,532,451,463,3,4840,1.4,0.9,0.8
WestAzarbayjan,10,Urmiah,30,1,0.5,1,45.201,37.7474,2,1,1.4,0.7,2,2.1,3,"""95/08/01",96_4_24,3,1,103,4,4120,210,271,376,532,451,463,4,4900,1.2,0.8,0.7
WestAzarbayjan,10,Urmiah,30,1,0.5,1,45.1998,37.748,2,1,1.4,0.5,2,2.3,3,"""95/07/27",96_4_24,3,1,126,4,5030,210,271,376,532,451,463,4,5400,1.1,0.8,0.7
WestAzarbayjan,10,Naqadeh,32,1,0.5,1,45.6266,36.9793,2,1,1.1,1.0,2,1.6,3,"""95/07/24",96_4_20,3,1,108,4,4310,210,271,382,540,455,450,3,4650,1.1,0.7,0.7
WestAzarbayjan,10,Naqadeh,32,1,0.5,1,45.6298,36.9798,2,1,1.1,1.2,2,1.6,3,"""95/08/25",96_4_20,3,1,108,4,4300,210,271,382,540,455,450,3,4100,1.0,0.6,0.6
WestAzarbayjan,10,Naqadeh,32,1,0.5,1,45.6115,36.9685,2,1,1.2,4.0,2,1.5,3,"""95/07/21",96_4_22,3,1,112,4,4470,210,271,382,540,455,450,3,6340,1.4,1.0,0.9
Semnan,11,Semnan,33,1,0,1,53.4175,35.5522,2,1,1.6,24.0,1,,5,17/7/95,30/3/96,3,1,94,9,8500,89,105,275,625,,618,5,5000,0.6,0.5,0.5
Semnan,11,Damqan,34,1,0,1,54.285556,35.9211,2,1,2.2,45.0,1,,5,15/8/95,29/3/96,3,1,89,7,6240,83,91,272,591,,604,6,5000,0.8,0.7,0.7
Semnan,11,Damqan,34,1,0,2,54.393889,36.065278,2,1,1.2,9.0,3,,3,25/8/95,15/3/96,3,1,85,10,8550,83,91,272,591,,604,3,6300,0.7,0.7,0.7
Semnan,11,Garmsar,35,1,0,1,52.265278,35.165556,2,2,4.0,25.0,2,,3,25/8/95,15/3/96,3,2,82,9,7360,54,88,376,617,,608,12,6000,0.8,0.8,0.7
Semnan,11,Garmsar,35,1,0,2,52.315278,35.148889,2,1,5.0,46.0,2,,3,34980,30/2/96,3,1,66,10,6630,54,88,376,617,,608,16,5500,0.8,0.8,0.7
Semnan,11,Shahrud,36,1,0,2,54.976389,36.33056,2,2,1.6,35.0,2,,5,15/7/95,35068,3,3,100,10,10680,118,109,333,604,,538,5,6000,0.6,0.5,0.5
Semnan,11,Shahrud,36,1,0,1,55.038056,36.340278,2,2,1.7,4.0,1,,3,34707,35189,3,3,80,10,8033,118,109,333,604,,538,5,3500,0.4,0.4,0.4
Semnan,11,Shahrud,36,1,0,2,54.97,36.328611,2,1,1.6,40.0,2,,4,34706,35099,3,1,82,10,8208,118,109,333,604,,538,5,4000,0.5,0.4,0.4
Semnan,11,Shahrud,36,1,0,2,55.045,36.491111,2,2,1.1,11.0,2,,3,15/7/95,35342,3,2,102,9,7500,118,109,333,604,,538,3,7000,0.9,0.8,0.8
Semnan,11,Shahrud,36,1,0,2,55.406111,36.611389,2,1,2.3,32.0,1,,4,25/9/95,35342,2,1,67,10,6700,118,109,333,604,,538,7,3500,0.5,0.4,0.4
Semnan,11,Miami,37,1,0,2,55.664722,36.442778,2,1,1.1,45.0,3,,3,15/7/95,25/3/96,3,1,72,9,7665,111,100,320,604,,574,3,7000,0.9,0.8,0.8
Semnan,11,Miami,37,1,0,1,55.673611,36.45611,2,1,1.3,39.0,2,,3,15/7/95,27/3/96,3,1,87,9,8062,111,100,320,604,,574,4,5000,0.6,0.5,0.6
Qazvin,12,Abyek,38,1,0.5,1,50.386379,36.025149,2,1,2.3,25.0,3,1.51,5,8/2,4/8,3,1,148,5,7400,160,152,421,587,653,690,7,6500,0.9,0.7,0.7
Qazvin,12,Abyek,38,1,0.5,1,50.300912,36.058535,2,1,2.7,130.0,3,1.62,3,7/16,4/11,3,2,79,8,6300,167,152,421,587,669,709,8,5700,0.9,0.7,0.7
Qazvin,12,Abyek,38,1,0.5,2,50.17619897,36.15972637,1,2,1.1,220.0,2,0.76,3,7/14,4/11,3,2,86,5,4300,167,152,421,587,669,709,3,6600,1.5,1.1,1.1
Qazvin,12,Abyek,38,1,0.5,2,50.18962957,36.15101896,1,2,1.3,200.0,2,0.76,3,7/15,4/15,3,2,57,9,5100,167,152,421,587,669,709,4,5500,1.1,0.8,0.8
Qazvin,12,Abyek,38,1,0.5,1,50.4170354,36.01280631,2,1,3.1,60.0,3,1.78,5,7/12,4/11,3,1,170,4,6800,167,152,421,587,671,709,9,5300,0.8,0.6,0.6
Qazvin,12,Abyek,38,1,0.5,2,50.45524305,35.99980482,2,1,3.2,120.0,3,2.29,5,7/28,4/13,3,1,130,6,7800,162,152,421,587,653,709,9,8900,1.1,0.9,1.0
Qazvin,12,BoyeenZahra,39,1,0,2,50.02796822,35.94049457,2,1,2.7,100.0,3,2.42,3,7/20,4/11,3,1,144,5,7200,71,104,421,587,731,727,8,5300,0.7,0.7,0.6
Qazvin,12,BoyeenZahra,39,1,0,2,50.00054843,35.89226111,2,1,2.6,200.0,3,2.56,3,7/15,4/10,3,2,83,7,5800,71,104,421,587,731,727,8,6200,1.1,1.0,0.9
Qazvin,12,BoyeenZahra,39,1,0,2,50.00317782,35.91230674,2,1,3.1,80.0,3,2.89,3,7/15,4/12,3,1,134,5,6700,71,104,421,587,731,727,9,5700,0.9,0.8,0.7
Qazvin,12,BoyeenZahra,39,1,0,1,49.86067122,36.12713723,2,1,2.2,20.0,3,2.1,3,7/25,4/14,3,1,130,6,7800,71,104,421,587,731,727,6,4500,0.6,0.5,0.5
Qazvin,12,BoyeenZahra,39,1,0,1,50.25193708,36.08300553,2,1,2.3,25.0,3,1.98,3,7/22,4/15,3,1,126,6,7600,71,104,421,587,731,727,7,5200,0.7,0.6,0.6
Qazvin,12,BoyeenZahra,39,1,0,2,50.12217483,35.90404867,2,2,2.8,26.0,3,3.32,5,8/7,4/18,3,1,98,7,6900,62,104,421,587,703,690,8,6400,0.9,0.9,0.8
Golestan,13,Gorgan,40,0,1,,54.54243265,36.92433518,2,1,0.7,25.0,1,0.95,5,,,,2,,,790,117,209,151,,264,215,2,5047,6.4,2.6,1.8
Golestan,13,Gorgan,40,0,1,,54.54323897,36.86421308,2,1,0.8,5.0,3,0.75,5,,,,1,,,1300,130,209,151,,264,215,2,4333,3.3,1.7,1.3
Golestan,13,Gorgan,40,0,1,,54.56653469,36.81293455,2,1,0.7,2.0,2,0.82,5,,,,1,,,1290,130,209,151,,264,215,2,4400,3.4,1.7,1.3
Golestan,13,Gorgan,40,0,1,,54.3217259,36.85167482,2,1,0.5,5.0,3,0.65,5,,,,1,,,1150,115,209,151,,264,215,1,3867,3.4,1.7,1.2
Golestan,13,Gorgan,40,0,1,,54.32238107,36.84800373,2,1,0.6,12.0,3,0.57,5,,,,1,,,1310,130,209,151,,264,215,2,4590,3.5,1.8,1.4
Golestan,13,Gorgan,40,0,1,,54.45933647,36.89655899,2,1,0.7,4.0,3,,5,,,,1,,,3390,115,209,151,,264,215,2,4590,1.4,1.0,0.8
Golestan,13,Gorgan,40,0,1,,54.502802,36.92763571,2,1,1.7,7.0,3,,5,,,,2,,,740,130,209,151,,264,215,5,4689,6.3,2.3,1.7
Golestan,13,Gorgan,40,0,1,,54.5456697,36.8657143,2,1,0.6,2.0,3,,5,,,,1,,,950,130,209,151,,264,215,2,3540,3.7,1.6,1.2
Golestan,13,GonbadKavous,41,0,1,,55.12291447,37.20924218,2,1,1.1,25.0,3,1.9,5,,,,1,,,1115,153,179,170,,291,234,3,4478,4.0,1.7,1.5
Golestan,13,GonbadKavous,41,0,1,,55.09929111,37.2727205,2,1,1.5,20.0,3,2.8,5,,,,1,,,3503,160,179,170,,291,234,4,3620,1.0,0.7,0.7
Golestan,13,GonbadKavous,41,0,1,,55.22426638,37.2355008,2,1,2.0,5.0,2,3.6,5,,,,1,,,1970,153,179,170,,291,234,6,3567,1.8,1.0,0.9
Golestan,13,GonbadKavous,41,0,1,,55.26205857,37.24304665,2,1,1.1,4.3,3,1.2,5,,,,2,,,535,153,179,170,,291,234,3,4338,8.1,2.1,1.9
Golestan,13,GonbadKavous,41,0,1,,55.30315254,37.21179082,2,1,0.7,7.0,3,0.71,5,,,,1,,,3260,153,179,170,,291,234,2,4875,1.5,1.0,1.0
